Category,SubCategory,FileName
Pleasant,Animals,1440.jpg
Pleasant,Animals,1441.jpg
Pleasant,Animals,1460.jpg
Pleasant,Animals,1610.jpg
Pleasant,Animals,1710.jpg
Pleasant,Animals,1920.jpg
Pleasant,Babies,2040.jpg
Pleasant,Babies,2050.jpg
Pleasant,Babies,2070.jpg
Pleasant,Babies,2071.jpg
Pleasant,Babies,2080.jpg
Pleasant,Babies,2150.jpg
Pleasant,Babies,2260.jpg
Pleasant,Foods,7200.jpg
Pleasant,Foods,7230.jpg
Pleasant,Foods,7270.jpg
Pleasant,Foods,7330.jpg
Pleasant,Fun,2216.jpg
Pleasant,Fun,8210.jpg
Pleasant,Fun,8420.jpg
Pleasant,Fun,8496.jpg
Pleasant,Kids,2035.jpg
Pleasant,Kids,2091.jpg
Pleasant,Kids,2154.jpg
Pleasant,Kids,2314.jpg
Pleasant,Kids,2332.jpg
Pleasant,Kids,2340.jpg
Pleasant,Kids,2347.jpg
Pleasant,Others,2395.jpg
Pleasant,Others,2530.jpg
Pleasant,Others,2550.jpg
Pleasant,Others,4626.jpg
Pleasant,Others,8380.jpg
Pleasant,Scenic,5210.jpg
Pleasant,Scenic,5760.jpg
Pleasant,Scenic,5825.jpg
Pleasant,Scenic,5829.jpg
Pleasant,Scenic,5830.jpg
Pleasant,Scenic,5831.jpg
Pleasant,Scenic,5833.jpg
Unpleasant,Animals,9145.jpg
Unpleasant,Animals,9184.jpg
Unpleasant,Animals,9561.jpg
Unpleasant,Death,2205.jpg
Unpleasant,Death,2799.jpg
Unpleasant,Death,3230.jpg
Unpleasant,Death,9220.jpg
Unpleasant,Others,2345.1.jpg
Unpleasant,Others,2490.jpg
Unpleasant,Others,2717.jpg
Unpleasant,Others,3180.jpg
Unpleasant,Others,6200.jpg
Unpleasant,Others,6220.jpg
Unpleasant,Others,7359.jpg
Unpleasant,Others,9120.jpg
Unpleasant,Others,9331.jpg
Unpleasant,Others,9415.jpg
Unpleasant,Others,9590.jpg
Unpleasant,Others,9599.jpg
Unpleasant,SadPeople,2141.jpg
Unpleasant,SadPeople,2276.jpg
Unpleasant,SadPeople,2301.jpg
Unpleasant,SadPeople,2455.jpg
Unpleasant,SadPeople,2456.jpg
Unpleasant,SadPeople,2900.jpg
Unpleasant,SadPeople,6311.jpg
Unpleasant,SadPeople,9530.jpg
Unpleasant,Trash,9290.jpg
Unpleasant,Trash,9291.jpg
Unpleasant,Trash,9295.jpg
Unpleasant,Trash,9330.jpg
Unpleasant,Trash,9342.jpg
Unpleasant,War,6825.jpg
Unpleasant,War,9400.jpg
Unpleasant,War,9424.jpg
Unpleasant,War,9425.jpg
Unpleasant,War,9426.jpg
Unpleasant,War,9427.jpg
Unpleasant,War,9430.jpg
Unpleasant,War,9452.jpg
